PID,SMILES,HOMO,LUMO,S1,T1,TADF-likeness
139602019,CCN(c1ccccc1C)c1c(C)ccc(OC)c1C,-4.9821324888045,0.013877806375500002,4.2746,3.364,59.37969207763672
29069855,O=C(c1ccc(Oc2ccccc2)cc1)N(CCCN1CCOCC1)c1nc2c(F)cccc2s1,-5.2820019520555,-1.6495541617310001,3.1047,2.972,58.63440704345703
100390736,CCCc1ccc(OCCNC(=O)c2ccccc2OCc2ccccc2)cc1,-5.79602501565,-0.7240949561805,4.5959,3.5263,59.91960525512695
45533333,Cc1cc2nc(N(Cc3ccccn3)C(=O)c3cc(C)n(C(C)C)n3)sc2cc1C,-5.509217017223,-1.0571623091925,4.0069,3.1086,55.04796600341797
84416210,CC(C)Oc1ccc(C(=O)Nc2ccc3nc(C(C)C)oc3c2)cc1,-5.6030962956455,-1.0109029546075001,4.1438,3.1483,59.66877746582031
159042331,Cc1cc(C)c(Oc2nc(-c3cccc(CN)c3)ccc2C(=O)CS(=O)(=O)c2cccc(N)n2)c(C)c1,-6.0929012265455,-2.074595996212,3.3992,2.6224,56.25953674316406
50780501,Cc1nc(-c2ccc(-n3cc(C(=O)Nc4cccc(F)c4)c(C)n3)cc2)no1,-6.0411995949505,-1.6386696077110001,4.0382,2.9575,56.59588623046875
341430,COC1C=CC(=O)C(C)(c2ccc(S(=O)(=O)c3ccccc3)cc2)O1,-6.769648372739,-2.0748681100625,3.3411,2.8546,57.99568939208984
126609792,CCCCCC/C(=N\OC(=O)c1ccccc1)C(=O)c1cn(C2=CC=C(C(=O)c3ccccc3)CC2)c2ccccc12,-5.610715483459501,-2.237320078811,2.9676,1.9293,56.85667419433594
112776824,Cc1ccccc1CSCC(=O)c1cn(CCC#N)c2ccccc12,-5.7892221693875,-1.2762139588449999,3.7205,2.9717,55.15856170654297
154835324,O=C1c2ccccc2S(=O)(=O)c2cc(C(=O)N3CCN(Cc4cccc5ccccc45)CC3)ccc21,-5.7712626552545006,-2.8438618515755003,2.6726,2.6716,58.02235794067383
136795247,Cc1c(C#N)c(-c2ccccc2)nc(/C=C(/O)c2ccccc2)c1C(=O)NCc1ccccc1,-5.805276886567,-1.866156786729,3.637,2.3328,56.68234252929688
115311331,c1ccc2c(c1)NCCCN2Cc1nc2ccccc2[nH]1,-4.5821251285695,-0.44817151177349995,3.5881,3.344,55.4073600769043
134495504,COc1cc2cc(C(CC/C=C(\C)CCC=C(C)C)=C(C)C)oc2cc1OC,-4.801721005923,-0.650352102695,3.947,2.3998,56.37005615234375
159684107,Cc1c(F)ccc(-c2nc3n(c2-c2ccc4c(c2)C=NC4)CCC3)c1F,-5.413432941847001,-1.196212486798,3.6518,2.9137,59.42376708984375
155722800,CNc1ccc(-c2c(-c3ccc(Oc4cccc(C(F)(F)F)c4)nc3)c3c(N)ncnc3n2C)cc1,-5.0528820899345,-0.9929434404745001,3.5666,2.8174,56.41656494140625
121007498,Cc1ccc(C)c(-c2cnccn2)c1,-6.2583464476495,-1.4217948688625,3.9429,3.2078,55.33504104614258
3377836,CC(C)c1ccc(NC(=O)N2CC=C(c3ccc(F)cc3)CC2)cc1,-5.5513946640505,-0.7611024398485,4.3841,3.1098,55.210411071777344
43483315,CNC(c1cccc(OC)c1)c1ccc2c(c1)OCCO2,-5.592755969326499,0.028571954302499997,4.8769,3.6002,58.03233337402344
134866739,C/C=C1\CN(S(=O)(=O)c2ccc(C)cc2)C\C1=C(/C)c1ccccc1,-5.5233669374489995,-0.8824652171715001,4.1862,2.5467,56.20806884765625
17531652,COc1cccc(CN(C)C(=O)CSc2nnc(-c3cccs3)n2-c2ccccc2)c1OC,-5.492345958492,-1.1921307790405,3.7302,2.7881,56.6038818359375
5290241,CCOC(=O)C1=C(c2ccccc2)N=c2s/c(=C/c3cc(OC)ccc3OC)c(=O)n2C1c1c(OC)ccc2ccccc12,-5.265403007175,-1.963573545208,2.7844,2.0437,57.35391998291016
100599011,Cc1cc([C@@H]2[C@@H](c3ccccn3)NC(=S)N2c2ccc(OC(C)C)cc2)c(C)n1-c1ccc(F)cc1,-4.901858902907,-0.875662370909,3.5055,3.4831,58.62397766113281
24461090,CCOc1ccc(NS(=O)(=O)c2cccc(C(=O)Nc3ccc4c(c3)CCN4C(C)=O)c2)cc1,-5.3832283044415,-1.4982588608529999,3.4942,2.9097,56.479774475097656
124928176,CCCCN1C(=O)C/C(=N/Nc2ccccc2)c2ccccc21,-5.209891781673,-1.3047859131475,3.4472,2.4557,56.36574172973633
100457027,C[C@@H](C(=O)NC1CCCCC1)N(Cc1ccccc1)C(=O)CCc1ccc(C(C)(C)C)cc1,-6.2235158747855,-0.21741896654950002,5.314,3.7074,58.05355072021485
4874142,CC1(C)Cc2c(sc3c2c(=O)n(CCc2ccccc2)c(=O)n3CCc2ccccc2)CO1,-5.843917053338,-0.9521263628995,4.3717,3.0939,59.89097595214844
15134030,O=c1c2ccccc2[nH]c(=S)n1-c1ccc(-n2c(=S)[nH]c3ccccc3c2=O)cc1,-5.7032341926295,-1.591321797724,3.4136,3.0708,58.36671447753906
136141045,CCOc1cc(/C=C/c2ccc3cc(C)ccc3n2)ccc1O,-5.129890309626,-1.5083270733215,3.3949,2.1299,58.60809326171875
22450822,CCOS(=O)(=O)Oc1ccc(/C=C/c2ccc(N(C)C)cc2)cc1,-4.8558716621725,-1.232131515064,3.431,2.1426,58.15898895263672
139084638,CCN(CC)C1=Nc2ccccc2Sc2ccccc21,-5.3451323653715,-0.9613782338165,3.6712,2.9435,56.45273971557617
50765020,COC(=O)c1nc2ccccc2nc1NCc1ccc(F)cc1,-5.73615996854,-2.1875232441695003,3.0118,2.2737,56.210933685302734
156796350,CCc1ccc(-c2c[nH]c3ccccc23)c(F)c1,-5.218599424889001,-0.4030006125905,4.3826,3.0488,56.86013412475586
70105018,Cc1ccc2c(c1C)c(C(=O)NC1CC3CCC(C1)N3C)c(-c1ccccc1)n2C,-5.1497546207125,-0.809810819088,3.8577,2.8406,55.23078918457031
10890707,Cc1[nH][nH]c(=O)c2cc3c(nc4ccccc43)c(C)c12,-4.640357492576499,-2.433786278872,1.7506,1.0008,57.95310974121094
17354948,CC1(C)N=C2N(C#N)CN(Cc3ccccc3)CN2C2CCN(Cc3ccccc3)C=C21,-5.0975087614165,-0.36136719346400004,4.1068,3.4393,55.16905212402344
137057334,CCNCc1cncc(-c2cc3c(-c4nc5c(-c6cccnc6)cccc5[nH]4)n[nH]c3cn2)c1,-5.673029555224,-1.7371748215919998,3.5067,2.5558,59.41292572021485
43976031,CCOc1ccc(-c2nnc(NC(=O)Cc3ccc(OC)c(C)c3)o2)cc1OCC,-5.550578322499,-1.085190035794,4.1331,2.8194,55.96353912353516
110323889,COc1ccc(S(=O)(=O)NCCc2nc(-c3ccc(C)cc3)no2)cc1,-6.4597106970195,-1.2650572909745,4.8371,3.148,56.00714492797852
25255201,Cc1cnc(Nc2ccc(N3CCN(C)CC3)cc2)nc1-c1cc2ccccc2s1,-4.753828968235,-1.755134335725,2.5757,2.3373,55.7274169921875
22753764,CN(C)c1ccc(C2(c3ccc(N(C)C)cc3)SC(NC(=O)C(C)(C)C)=Nc3cc(N(CCC#N)CCC#N)ccc32)cc1,-4.9696152516815,-1.0177058008700002,3.3875,2.8911,55.88559341430664
53173244,Cc1ccc(-c2nc(-c3ccc4nnc(C)n4c3)no2)cc1C,-5.968000969166,-1.9113276859119999,3.5467,2.4761,57.89083099365234
141145937,COc1ccc(COc2csc(-c3cnc4ccccn34)c2)cc1,-5.2449944683875005,-0.9336226210655,3.7828,2.6963,56.435638427734375
146541578,CC1C=CC=CC(C)n2c(nc3ccccc32)N1,-5.369894725767,-0.697155684981,4.0222,3.2944,57.17662048339844
144980171,Cc1ccc(C)c(Nc2c(-c3ccncc3)[nH]c3c2C(=O)CC(C)(C)C3)c1,-4.96879891013,-1.050903690631,3.3493,2.6605,55.10284423828125
58192447,CCN1C(=O)c2nc(-c3ccc(-c4ccccc4)cc3)n(Cc3cc(F)c(F)cc3F)c2N2CC(C)(C)N=C12,-5.288260570617,-1.2356689951205,3.5426,2.8803,59.756385803222656
159180656,CCOC(COc1ccc(OCCN2c3ccccc3Oc3ccccc32)cc1)C(=O)O,-4.8923349181395,-0.704230645094,3.678,2.8642,59.979637145996094
160299960,Cc1ccc(-c2ncco2)cc1-c1ccc(CC(=O)C(N)Cc2c[nH]c3ccccc23)cc1,-5.36064285485,-1.0337605180495002,4.1,2.9224,56.1079330444336
126717120,CCc1ccc(-n2ncc3ccccc32)nc1,-5.784324120078501,-0.922465953195,4.2951,3.1337,59.3341064453125
102310345,COC(=O)c1sc2ccccc2c1-c1ccc2ccccc2c1,-5.8333046131685,-1.6754049775285,3.6227,2.603,59.8326530456543
57804434,Pc1cccc2c1-c1c(P)cccc1OCO2,-6.129092368662,-0.9178400177365001,4.4822,3.3288,58.049442291259766
1223033,COc1ccc(-c2cc(C(=O)NC3CCCC3)c3ccccc3n2)cc1OC,-5.385133101395,-1.647921478628,3.3305,2.4829,58.01731872558594
11857321,O=C(NCc1ccccc1)c1cccc2[nH]c(Nc3cc4ccccc4cn3)nc12,-5.3331593559495,-1.8680615836825,3.0017,2.332,55.84589385986328
46062276,Cc1ccc(-n2c(=O)n(CC(C)C)c(=O)c3c2ncn3CC(C)C)c(C)c1,-5.8915369771755,-0.847906758158,4.5811,3.306,55.299354553222656
10455503,CC(C)(C)c1ccc2[nH]cc(CC(=O)Nc3ccc(F)c(COc4cnccn4)c3)c2c1,-5.6958871186660005,-1.0076375884015,4.2865,3.1977,56.14696502685547
124434649,NS(=O)(=O)c1ccc(CCC(=O)N(Cc2ccccc2)Cc2ccccc2)cc1,-6.578896563538501,-1.0060049052985,5.144,3.6418,59.75065231323242
100222520,CCCCNC(=O)[C@H](C)N(Cc1ccc(F)cc1)C(=O)CCCN1C(=O)c2cccc3cccc1c23,-5.42050790196,-1.6193495243255,3.3077,2.1921,57.35160446166992
16966933,C=CCc1ccccc1OCCCCn1c(CN(C)C(=O)c2ccccn2)nc2ccccc21,-5.9715384492225,-1.1981172837515,4.0999,3.4956,58.6767578125
44010873,Cc1cc(C)c2sc(N(Cc3ccncc3)C(=O)CCCSc3ccc(F)cc3)nc2c1,-5.726363869921999,-1.2187979363895,4.0762,3.1733,56.51557922363281
24138286,Cc1ccc(-c2ccc(C#N)c(SCCC(=O)Nc3cccc(C)c3C)n2)cc1,-5.9405174702655,-1.916225735221,3.7058,2.6856,58.9363899230957
147846158,COc1ccc(C=Cn2c(C)cc(=O)cc2C)cc1OCC(C)C,-5.3837725321425,-1.2579823308615001,3.5857,2.6036,55.11868667602539
366282,Cc1nc2n(C)c3ncn(Cc4ccccc4)c3c(=O)n2c1C=CC(C)C,-4.936689475771,-1.019882711674,3.404,2.6382,55.53925704956055
55359871,O=C(COCc1ccccc1)Oc1ccc2ccccc2c1,-5.9606538952025,-1.176620289562,4.3907,2.7296,57.440696716308594
24625026,O=C(NCC(c1ccccc1)N1CCCC1)c1nn(-c2ccccc2)c2c1CCC2,-5.795480787949,-0.8313078132775,4.411,3.4174,55.371620178222656
23260262,COC(=O)c1cccc2c(=O)c(C)c(C3(c4ccccc4)CCCC3)oc12,-6.2232437609349995,-1.7837062900275,3.5997,2.9793,57.35055541992188
63345562,O=C(Cc1nc(-c2ccccc2F)no1)c1ccccc1,-6.587332092904,-1.8397617432305002,3.8577,3.2769,57.77927780151367
17647845,Cc1ccc(S(=O)(=O)Nc2cc(C(=O)N3CCN(C(c4ccccc4)c4ccccc4)CC3)ccc2C)cc1,-5.7696299721515,-1.1360753258375,4.2833,3.3766,58.35660934448242
145015432,CCC=C(C)C=C(Nc1ccc(OC)cc1)c1cc(C)cc(C)c1C,-4.6169557014335,-0.606813886615,3.5162,2.3392,56.13587951660156
156878615,C=C(C)C1CC2(C1)CC(c1c(C(C)C)n(-c3ccc(F)cc3)c3cccc(F)c13)C2,-5.2047216185135,-0.7295372331905,3.8457,3.1887,58.280181884765625
154493834,CCCc1ccc(C(=O)NCCc2ccccc2C(=O)NCCN2CCc3cc(OC)c(OC)cc3C2)cc1,-5.3037710600955,-0.835933748736,4.1367,3.5783,58.872596740722656
23592013,O=C(NCCc1cncn1Cc1ccccc1)c1ccc(-c2ccccn2)nc1,-5.815617212886,-1.9056132950515,3.4741,2.9694,57.05670166015625
124376449,Cc1ccc(/C=N\NC(=O)CN(c2cc(C)cc(C)c2)S(=O)(=O)c2ccccc2)cc1,-5.7816029815735,-1.274037048041,4.0633,2.8572,57.095306396484375
86771770,C/C(=C\c1ccccc1)C(=O)Nn1c(C2CCCCC2)nc2ccccc2c1=O,-6.120384725446001,-1.7069701841865,3.9031,2.7617,55.75698852539063
6104094,CCCCCCOc1ccc(/C=C/c2nc(-c3ccc(C)cc3)cs2)cc1,-5.153836328470001,-1.5447903292885001,3.4154,2.0137,57.93632125854492
58540510,Cc1ccccc1CN1C(=O)/C(=C/c2ccc(C(=O)NCCN3CCCC3)cc2)Sc2ccccc21,-5.429487659026501,-1.9494236249819998,3.1158,2.2798,55.33382797241211
57319177,C[C@H](c1ccc(-c2ccccc2)cc1)N(C(=O)C(c1ccccc1)c1ccccc1)[C@H](CCCN)C(N)=O,-6.091540657293001,-0.8794719648160001,4.8156,3.2485,55.70372009277344
150117711,FC(F)(F)c1cccc(CN2CCCCc3ccccc32)c1,-5.119549983307,-0.687903814064,3.7918,3.4659,55.82183837890625
11587418,COc1ccc(-c2cc3ccc(N(C)C)cc3c(=O)[nH]2)cc1,-4.6713784715335,-0.7948445573105,3.5581,2.4667,56.16960906982422
42734359,COc1ccc(CCNC(=O)CCCSc2nnc(-c3ccccc3)n2-c2cccc(C)c2)cc1OC,-5.0017246860405,-1.1085918269369999,3.5929,3.2571,59.483489990234375
140302975,O=C(c1cn(-c2ncccn2)c2ccccc12)N1CCN(c2ccc(OCF)cc2)CC1,-4.971520048635,-1.54016439383,3.124,2.9401,59.4018440246582
56075965,O=C(/C=C/c1cccc2ccccc12)Nc1cccc(CN2CCOCC2)c1,-5.563095559622,-1.8789461377025,3.3483,2.2713,59.20170211791992
45536481,Cc1ccc(SCCC(=O)Nc2c3c(nn2-c2ccccc2)CCC3)cc1,-5.726908097623,-0.696067229579,4.4323,3.4521,55.11220550537109
134798602,CC(C)C(=O)Nc1cc(-c2ccncc2)nn1-c1ccccc1,-6.020246828462,-1.183695249675,4.3524,3.1358,59.342472076416016
24445179,O=C(c1ccc2ccccc2c1)N1CCN(CCOc2ccccc2)CC1,-5.8099028220255,-1.309411848606,4.1079,2.6919,59.59862518310547
15109582,O=C(OC(=O)c1ccc(-c2ccccc2)cc1)c1ccc(-c2ccccc2)cc1,-6.4074648377235,-1.9023479288455,4.0844,3.0078,58.06915664672852
133240501,CN(C)S(=O)(=O)c1ccc(OCCNC(=O)C2CN(S(=O)(=O)c3ccccc3)c3cc(C(C)(C)C)ccc3O2)cc1,-5.997389265020001,-1.286010057463,4.1606,3.5444,57.65910720825195
7402706,Cc1cc(C)c(NC(=O)CNC(=O)CSc2ccc3ccccc3c2)c(C)c1,-5.620239468227,-1.0734891402225,4.041,2.6918,55.84043884277344
57379315,CC[C@@H](CO)C1c2ccccc2N(C)c2ccccc21,-5.053698431486,-0.2070786402305,4.1696,3.364,55.439186096191406
21469508,COc1cc(OC)c(NC(=O)C(c2ccccc2)c2nnn(C/C=C(\C)CCC=C(C)C)n2)c(OC)c1,-5.231660889713,-0.332523125311,4.4459,3.5749,56.168678283691406
53740211,CCCCN(C)C(=O)CCCCCCCNC(=O)Cc1c(C)n(Cc2ccccc2)c2ccc(OC(C)=O)cc12,-5.3456765930725005,-0.37170751978300004,4.4459,3.1423,56.91300964355469
12251244,Nc1nc(-c2ccccc2)nn1-c1ccccc1,-5.641464348566,-0.837022204138,4.3733,3.0757,57.67190933227539
20809824,Cc1ccc(C#Cc2ccc([C@@H]3CC[C@@H]4CC(C)CC[C@@H]4C3)cc2F)cc1,-5.4945228692959995,-1.1866885020305,4.0069,2.6291,59.86659240722656
79142413,Cc1ccc2nc(Nc3ccccc3C)sc2c1,-5.2972403276835,-0.6269503115520001,4.1954,3.0812,59.48229598999024
53958798,COC(=O)c1ccc2nc(-c3cn(Cc4ccc(C#N)cc4)c4ccccc34)c(=O)n(C(C)CN)c2c1,-5.508128561821,-2.1662983638305002,3.0736,2.0694,56.15473937988281
18133976,O=S1(=O)CCC(N(Cc2ccco2)Cc2cccc3ccccc23)C1,-5.892897546428,-1.168456874047,4.2762,2.6866,59.64401626586914
109157479,Cc1cccc(Nc2ccc(C(=O)NCc3ccc4c(c3)OCO4)cn2)c1,-5.430848228279,-0.983963683408,4.0692,3.0663,57.79471969604492
20730186,COc1ccc(C(C)(C)c2ccc(C(=O)Oc3ccc(C(C)(CCO)c4ccc(OC(C)=O)cc4)cc3)cc2)cc1,-5.824324856102001,-1.2993436361375001,4.0306,3.3675,57.32151794433594
110469173,Cn1cnc2ccc(C(=O)n3cnc4ccccc43)cc21,-6.2392984781145,-1.680575140688,3.9743,3.1841,59.50117492675781
135011719,CC(=O)N(CO)c1c2ccccc2cc2ccccc12,-5.5709868612865,-2.0857526640825,3.1626,1.7444,59.41236877441406
101739784,Cc1c(C[C@H]2C(=O)c3ccccc3O[C@@H]2c2ccccc2)c(=O)nc2sccn12,-5.899972506541,-1.459618694082,3.7115,3.1025,57.26282501220703
121424998,c1ccc(C2(c3ccccc3)c3ccccc3-c3cc(N(c4ccc(-c5ccc(-c6cccc7c6sc6ccccc67)cc5)cc4)c4ccc(-c5ccc6c(c5)oc5ccccc56)cc4)ccc32)cc1,-4.8917906904385005,-1.2492746876455,3.2114,2.6327,75.80445861816406
156485365,N#Cc1cccc(-c2cc(-c3ccccc3)nc(-c3cc4ccc5ccccc5c4c4c3sc3ccccc34)n2)c1,-5.4817335183225,-2.0928276241955004,2.9135,2.3493,79.96846008300781
140756988,C[Si]1(C)c2cc(N(c3ccccc3)c3cccc4c3oc3ccccc34)ccc2-c2ccc(-c3ccc(N(c4ccccc4)c4cccc5c4oc4ccccc45)cc3)c3cccc1c23,-4.7905643380525005,-1.4149920226,2.9485,2.173,78.0740737915039
133065682,C1=Cc2c(ccc3c2ccc2ccccc23)/C1=C\c1ccccc1,-5.3233632573315,-1.7480593756120002,2.9718,2.0332,78.93135070800781
141739669,C1=C(c2ccc(-c3ccncc3)cc2)CC(c2ccccc2)=C1c1ccccc1,-5.1655372240415005,-1.7826178346255,3.0877,1.7797,79.93394470214844
121287218,c1nc2ccc(-c3ccc4c(ccc5cc(-c6ccc7ncsc7c6)ccc54)c3)cc2s1,-5.753031027271,-1.6378532661595,3.6402,2.5847,79.8741683959961
118333330,c1ccc(-c2ccc(N(c3ccc(-c4cccc5c4oc4ccccc45)cc3)c3ccc4c5ccccc5n(-c5ccc6sc7ccccc7c6c5)c4c3)cc2)cc1,-4.753284740534,-1.2013826499575,3.1684,2.6592,78.08438110351562
153288616,c1ccc2c(-c3nc4c(ccc5ccccc54)[nH]3)nccc2c1,-5.3206421188265,-1.857449143513,3.1354,2.2296,75.04324340820312
130440835,c1cc(-c2ccc3sc(-c4ccc5ncccc5c4)nc3c2)cc(-c2ccc3sc(-c4ccc5ncccc5c4)nc3c2)c1,-5.9127618575145,-2.0150030629525,3.5229,2.4351,77.60281372070312
54415322,Cc1ccc(Oc2ccc(C3(c4ccc(Oc5ccc(C)cc5)cc4)NC(=O)c4ccccc43)cc2)cc1,-5.8376584347765,-0.9670926246770001,4.3237,3.5469,75.83807373046875
154935777,C=C(C=CC(=C)N(C1=CC2Sc3ccccc3C2C=C1)c1cccc(-c2ccc3ccc4ccccc4c3c2)c1)C(=C)C=Cc1ccc2ccccc2c1,-4.9815882611035,-1.56193350187,2.9888,1.9167,79.521728515625
57923146,FC(F)(F)c1ccc(-c2ccc3c(c2)c2cc(-c4ccc5c(-c6ccccc6)c6cc(-c7ccc8c(c7)c7cc(-c9ccc(C(F)(F)F)cc9)ccc7n8-c7ccccc7)ccc6c(-c6ccccc6)c5c4)ccc2n3-c2ccccc2)cc1,-4.907845407618,-1.7235691290669999,2.8413,1.6499,77.95856475830078
66829966,Cc1nc2ccccc2n1-c1ncccc1CC(c1cccnc1)c1cccnc1,-5.904326328149001,-1.217437367137,4.0823,3.4621,76.84089660644531
158335385,COc1cc(C)cc(N(CCO[Si](C)(C)C(C)(C)C)c2ccc3ncn(-c4ccccc4)c(=O)c3c2)c1,-4.9886632212165,-0.9896780742685,3.4898,2.7452,76.62699127197266
88568912,c1ccc2c(-c3ccc(-c4c5ccccc5c(-c5ccc(-c6ccc7oc8ccc9ccccc9c8c7c6)cc5)c5ccccc45)cc3)cccc2c1,-5.116828844802001,-1.64900993403,3.1214,1.7275,77.54507446289062
140711325,c1csc(Cn2c3ccccc3c3cc(-c4nccc5c6ccccc6n(Cc6cccs6)c45)ncc32)c1,-5.1916601536895,-1.1290003657245,3.548,2.8117,79.10595703125
6801645,O=C1C=CC=CC1=CNc1ccc2nc(-c3ccc(-c4nc(-c5ccccc5)c5cc(NC=C6C=CC=CC6=O)ccc5n4)cc3)nc(-c3ccccc3)c2c1,-5.2885326844675,-2.4544669315100003,2.56,1.4829,75.8546371459961
20697951,c1ccc(C(c2ccccc2)c2ccc(Sc3ccc(C(c4ccccc4)c4ccccc4)cc3)cc2)cc1,-5.5440475900870005,-0.516472088249,4.3861,3.3802,79.32856750488281
140754912,Cn1ccnc1-c1cccc(Oc2ccc3c4cc(C(C)(C)C)cc5c4n(c3c2)-c2ncccc2C5(C)C)c1,-5.2047216185135,-0.6876317002135001,3.9134,3.0489,78.3166275024414
118503607,c1ccc2cc3c(cc2c1)sc1ccc(-c2c4ccccc4c(-c4cc5ccc6ccccc6c5c5ccccc45)c4ccccc24)cc13,-5.181591941221,-1.6963577440170001,3.1293,1.7311,77.46331024169922
139532514,Cc1cc(-c2ccc(Oc3ccccc3)cc2)ccc1Sc1ccc(-c2ccc(Oc3ccccc3)cc2)cc1C,-5.3445881376705,-1.042740275116,3.743,3.0507,76.21601867675781
149037051,c1ccc2c(c1)oc1cccc(-c3c4ccccc4c(-c4ccc5oc6ccc7oc8ccccc8c7c6c5c4)c4ccccc34)c12,-5.2194157664405,-1.7246575844690002,3.147,1.7334,78.39742279052734
15353009,Cc1ccc(S(=O)(=O)N2c3ccccc3CC2(C)/C=C/Cc2ccccc2)cc1,-5.663233456606,-0.9330783933645,4.1472,3.4681,75.47689819335938
161556090,CC1=NC(C)=NC(c2ccc(-n3c4cc(N5c6ccccc6C6C=CC=CC65C)ccc4c4ccc(-n5c6ccccc6c6ccccc65)cc43)cc2C#N)=CC1,-4.818319950803501,-1.6732280667245,2.7278,2.5002,78.21421813964844
142310353,C=Cc1sc2ccc(-c3ccc4sc5c(N(c6ccccc6)c6ccccc6)cc(N(C(=CCC)CCC)c6ccccc6)cc5c4c3)cc2c1C=CC,-4.8659398746410005,-1.3222011995795,3.2584,2.3541,77.50704193115234
153165521,CC=CC=CC=C(C)c1cc(-c2ccc(-n3c4ccccc4c4c5ccccc5c5c6ccccc6sc5c43)cc2)cc(-c2ccccn2)n1,-5.190299584437,-1.7232970152165,3.1607,1.7522,79.40434265136719
156514726,c1ccc(-c2cc(-c3ccccc3)cc(-c3ccc(-c4ccc(-c5cc6c7ccc8ccccc8c7sc6c6nc7cc8ccccc8cc7n56)cc4)cc3)c2)cc1,-4.982404602655,-1.8122782443300003,2.7649,1.916,76.1195068359375
122426873,c1ccc2c(-c3c4ccccc4c(-c4ccc5cc(-c6cc7c8ccccc8sc7c7c6sc6ccccc67)ccc5c4)c4ccccc34)cccc2c1,-5.143496002151,-1.6688742451165002,3.1206,1.7291,77.17626190185547
139435923,c1ccc2cc3c(cc2c1)c1cc2c(cc1c1cccnc13)sc1ccccc12,-5.426494406671,-1.6051996040995,3.3484,2.2119,79.75064086914062
140629363,Cc1ccc(-c2ccc([Si](c3ccccc3)(c3ccccc3)c3ccccc3)cc2)nc1,-6.0112670713955,-1.1687289878975,4.9337,3.0368,79.21941375732422
129292045,c1ccc(-c2nc(-c3cccc4oc5ccc(-c6ccc7c(c6)c6ccccc6n7-c6ccccc6)cc5c34)nc(-c3cccc4sc5ccccc5c34)n2)cc1,-5.161455516284,-1.9456140310749999,2.8116,2.6462,79.32894897460938
154978525,c1ccc(-c2nc(-c3ccccc3)nc(-c3ccc4oc5cc(-c6nc(-c7ccccc7)nc7c6sc6ccccc67)ccc5c4c3)n2)cc1,-5.873849576893,-1.9812609454905001,3.4034,2.7299,77.4693603515625
51468961,CCc1ccc(S(=O)(=O)c2nnn3c2nc(N[C@@H](C)c2ccccc2)c2ccccc23)cc1,-6.043376505754501,-1.8321425554165,3.6951,2.9034,77.69889831542969
12325760,COc1ccc(-c2oc(-c3c(C)c(C)cc(C)c3C)c3ccccc23)cc1OC,-4.561172362081,-1.267506315629,2.9849,1.6483,76.46617126464844
56593388,CC(C)Oc1ccc(-c2ccn3c(-c4ccc5nccnc5c4)cnc3c2)cc1,-5.245810809939,-2.0141867214010003,2.8362,2.2801,78.65382385253906
142569452,c1ccc2c(c1)ccc1[nH]c3c(-c4cccc5c(-c6cccc7oc8ccccc8c67)cccc45)cccc3c12,-5.2863557736635,-1.3368953475065,3.4717,2.5879,75.49687194824219
159691699,c1ccc(-c2nc(-c3ccccc3)nc(-c3ccc(-c4ccc5c6c4ccc4sc7cccc(c7c46)S5)cc3)n2)cc1,-5.108121201586,-1.9341852493540002,2.8254,2.2029,78.20063781738281
142646027,CCOn1nnnc1-c1ccc(COc2cccc(OCc3ccc4ccccc4n3)c2)cc1,-5.8126239605305,-1.516218374986,3.8474,2.7982,75.29253387451172
144508606,C=Cc1c(C=CC)sc2ccc(-n3c(-c4ccccc4)cc4ccc(-c5ccc6c(c5)cc(-c5ccccc5)n6-c5cccc6c5C=CCC6)cc43)cc12,-4.8934233735415,-1.242471841383,3.2305,2.5916,79.24664306640625
129130380,CC(C)(C)c1ccc(N(c2ccc(C(C)(C)C)cc2)c2cc3c(c4sc5ccccc5c24)-c2c(ccc4c2sc2ccccc24)C32c3ccccc3-c3ccccc32)cc1,-4.8847157303255,-1.300159977689,3.0555,2.4639,79.59813690185547
156419918,c1ccc(-c2c3ccccc3c(-c3ccc4c(c3)sc3c(-c5c6ccccc6c(-c6ccc(-c7cccc8ccccc78)cc6)c6ccccc56)cccc34)c3ccccc23)cc1,-5.122815349513,-1.687650100801,3.1194,1.7308,77.59065246582031
68128653,Cc1ccc(C)c(COc2ccc(N(Cc3cc(C)ccc3C)Cc3cc(C)ccc3C)cc2)c1,-4.8953281704950005,-0.089253342964,4.1885,3.4891,77.41544342041016
139985786,C(=C(Nc1c(-c2ccccc2)cccc1-c1ccccc1)c1ccccc1)c1nc(-c2ccccc2)cs1,-5.0893453459015,-1.4422034076499999,3.2738,2.1059,77.37664031982422
153457791,CC(C)(C)c1nc(-c2cccc(-c3cccc(-c4cccc5c4sc4ccccc45)c3)c2)c2oc3c4ccccc4ccc3c2n1,-5.676839149131,-1.8740480883935,3.4958,2.7235,75.20259857177734
89829498,C1=CC2NC(c3ccc(-c4c5oc6ccccc6c5cc5c4oc4ccccc45)cc3)=C(C3=CCCC=C3)N2C=C1,-4.4270202337845,-1.37145380652,2.636,1.8547,78.77629852294922
145529859,C=C(CC)c1ccc2c(c1)nc(Nc1ccc(C)cc1)n2C(C)(C)c1ccccc1,-4.9511115098475,-0.36436044581950006,4.0592,3.1923,77.65016174316406
141693900,CC(C)c1ccc2c(sc3c(C(C)C)cccc32)c1-n1ccnc1-c1ccccc1,-5.568265722781501,-1.1390685781930001,3.864,3.0873,77.21878051757812
3055961,COc1ccc(-c2c(-c3ccc(CCCN(C)C)cc3)cn3ccc4cc(OC)c(OC)cc4c23)cc1OC,-4.6430786310815,-0.49034915860100003,3.5333,2.7342,76.42054748535156
156327551,c1ccc(-c2cc(N(c3ccc(-c4ccccc4)c4ccccc34)c3cccc4c3sc3ccccc34)ccc2-c2ccc3sc4ccccc4c3c2)cc1,-5.042269649765,-1.228866148858,3.257,2.4555,79.93795776367188
155079005,c1ccc(-c2cc(-c3ccc(-c4cccnc4)cc3)nc(-c3ccc(-c4ccc(-c5ccc6sc7ccccc7c6c5)c5c4oc4ccccc45)cc3)n2)cc1,-5.56200710422,-1.8501020695494999,3.3764,2.6424,77.3812255859375
122489937,c1ccc(-c2nc(-c3ccccc3-c3nc(-c4ccccc4)c4c(n3)sc3ccccc34)nc3sc4ccccc4c23)cc1,-5.911401288262,-1.763841978941,3.6659,2.7742,79.90138244628906
140593498,CC(C)c1cccc(C(C)C)c1-n1ccnc1-c1cccc(C(C)(C)c2cccc(-c3nccn3-c3ccccc3)c2)c1,-5.3783302551325,-0.731442030144,4.2734,3.1055,78.83739471435547
58004161,c1ccc2c(c1)cc(-c1ccc3oc4ccc5oc6ccc(-c7cc8ccccc8c8ccccc78)cc6c5c4c3c1)c1ccccc12,-5.5448639316385,-1.443291863052,3.6457,2.6621,77.47444915771484
68337036,Cc1ccc(-c2ccc3c(c2)C(C)(C)c2cc4c(cc2-3)C(C)(C)c2cc(-c3ccc(C)s3)cc(-c3ccccc3)c2-4)s1,-4.9456692328375,-1.479755119019,3.1289,2.2133,78.44987487792969
58319670,CCc1ccc(C(c2ccc(CC)cc2)c2ccc(C(c3ccc(CC)cc3)c3ccc(CC)cc3)cc2)cc1,-5.85044778575,-0.20544595712750002,4.9635,3.6546,79.09175109863281
102434488,COc1ccc(-c2c3ccccc3c(C(=O)c3ccccc3)c3[nH]c4ccccc4c23)cc1,-5.192476495240999,-1.8503741834000003,2.8718,2.0544,79.05819702148438
70809716,CCCCC(CC)CC1(CC(CC)CCCC)c2cc(Nc3cccc4ccccc34)ccc2-c2ccc(Nc3cccc4ccccc34)cc21,-4.5989961873005,-1.075938164877,3.0912,2.3402,77.86871337890625
118885646,Cc1cc2cc3cc4cc5sc(-c6ccc7c(ccc8c9cc%10c(cc9n(C)c78)c7ccc8ccccc8c7n%10C)c6)cc5cc4cc3cc2s1,-4.655867982055,-2.0019415981285,2.3732,1.2502,75.38423919677734
161873646,CC1=CC(c2ccc(-c3ccccc3)cc2P(c2ccccc2)c2ccccc2)C(C)=C1C,-5.2009120246065,-0.724911297732,3.9224,2.7249,78.84435272216797
146669749,C1=CCC(c2cc(-c3ccccc3)nc(-n3c4cc5c(cc4c4cc6c(cc43)oc3cc4c(cc36)CC4)CC5)n2)C=C1,-5.1628160855365,-1.5371711414745,3.1155,2.4947,78.9208984375
141196731,c1ccc(-c2nc(-c3ccco3)c(-c3cccs3)nc2-c2cccc3ccccc23)cc1,-5.344043909969501,-1.6955414024655,3.2558,2.2438,76.89620971679688
9826694,COc1cc2c(cc1OC)CN(c1c(C)c(C)c3c(c1C)C(c1ccc(C(C)C)cc1)C(C)(C)O3)C2,-5.166897793294,-0.0029932523555,4.4863,3.5426,79.13126373291016
118503731,c1ccc2cc(-c3ccc(-c4c5ccccc5c(-c5ccc6c(c5)sc5c7ccccc7ccc65)c5ccccc45)cc3)ccc2c1,-5.1342441312339995,-1.6675136758640001,3.1152,1.728,77.75350952148438
138573510,CC1(C)c2ccccc2-c2cc3c(cc21)Oc1ccc(-c2ccccc2P(=O)(c2ccccc2)c2ccccc2)cc1O3,-5.067032010160499,-1.011719296159,3.5223,2.7494,79.03256225585938
68920900,N#Cc1cc(Cn2cc3nc(-c4cccc(F)c4F)nc-3cn2)ccc1-c1ccccc1,-6.2556253091445,-1.960852406703,3.8994,2.7474,76.38656616210938
162175924,Cc1ccnc(-c2cc(Cc3cc(-c4cc(C)ccn4)nc(-c4ccc5ccc6cccnc6c5n4)c3)ccn2)c1,-5.994123898814,-1.6427513154685,3.8204,2.6983,79.7208480834961
155257349,c1ccc(-c2ccc3ccc(-c4ccc5ccc6ccc7cc(-c8ccc9c(c8)cc(-c8ccc%10oc%11ccccc%11c%10c8)c8ccc%10ccc%11ccccc%11c%10c89)c8ccccc8c7c6c5c4)cc3c2)cc1,-5.3413227714645,-1.586423748415,3.2648,2.2882,78.58796691894531
132146208,c1ccc2c(c1)sc1c(-c3ccc(-c4ccnc(-c5cc(-c6ccc(-c7cccc8c7sc7ccccc78)cc6)ccn5)c4)cc3)cccc12,-5.7342551715865,-1.5543143140559998,3.7606,2.9118,79.62114715576172
58511091,Cc1cc(C)c(-c2ccc3c(c2)c2c(-c4cccc(-c5cccc6c5c5cc(-c7c(C)cc(C)cc7C)ccc5n6-c5ccc6sc7ccccc7c6c5)c4)cccc2n3-c2ccc3oc4ccccc4c3c2)c(C)c1,-5.1894832428855,-1.2294103765589999,3.4571,2.947,78.60397338867188
54294686,Cc1ccccc1OPOc1ccc2ccccc2c1Cc1c(OPOc2ccccc2C)ccc2ccccc12,-5.55656482721,-0.9929434404745001,4.018,2.665,79.62255859375
156419346,c1cncc(-c2c3ccccc3c(-c3ccc4c(c3)sc3ccc(-c5c6ccccc6c(-c6cccnc6)c6ccccc56)cc34)c3ccccc23)c1,-5.2907095952715,-1.8169041797885,3.1294,1.7307,77.36418914794922
90360249,c1ccc(-c2nc3ccccc3nc2-c2ccc(-c3ccc(-c4nc5ccccc5n4C4C5CC54)cc3)cc2)cc1,-5.582687756858,-1.9722811884240001,3.2608,2.5677,77.74467468261719
123889626,CC=CC=C(C)c1ccc(-c2ccc(Cc3ccc(C(C=CCc4ccccc4)=CC)c(C)c3)cc2C)cc1,-5.267579917979,-1.078115075681,3.9696,2.2656,79.52774810791016
20646212,C(=C/c1ccc(Cc2ccccc2)cc1)\c1ccc(Cc2ccccc2)cc1,-5.342683340717,-1.3173031502705002,3.81,2.2511,75.20744323730469
153281358,C(=CP(Cc1ccccc1)c1ccccc1)P(C=CP(Cc1ccccc1)c1ccccc1)c1ccccc1,-5.5105775864755,-1.1115850792925,3.5573,3.1438,75.71385955810547
146600272,c1cc(-c2cnc3sc4c(-c5cccc(-c6cccc7c6oc6ccccc67)c5)cccc4c3n2)cc(-c2cccc3c2sc2ccccc23)c1,-5.740513790148,-1.8005773487585002,3.5037,2.8625,75.26570129394531
122427433,c1ccc2cc(-c3c4ccccc4c(-c4ccc5c(c4)sc4ccc6sc7ccccc7c6c45)c4ccccc34)ccc2c1,-5.171795842603,-1.6873779869505001,3.1312,1.7325,77.81961059570312
129176449,c1ccc2cc(-c3c4ccccc4c(-c4cccc5oc6cc7ccccc7cc6c45)c4ccccc34)ccc2c1,-5.1992793415035,-1.7020721348774999,3.2798,1.7345,78.77465057373047
144542332,c1ccc(-c2ccc(-c3cccc(-c4cccc(-c5cccc6c5sc5ccccc56)c4)c3)cc2)cc1,-5.6945265494135,-1.099884183721,4.0335,2.9856,79.25347137451172
122679603,c1cc(-c2cc(-c3ccncc3)cc(-c3ccncc3)c2)cc(-c2cccc3c2sc2c(-c4cccc5c4sc4ccccc45)cccc23)c1,-5.701329395676001,-1.483564712926,3.8755,2.9941,78.34640502929688
139685193,N#Cc1ccc(Cn2nc(-c3c(-c4ccccc4)nn4ccccc34)ccc2=O)cc1,-5.682281426141,-1.8911912609750001,3.2835,2.3454,77.66317749023438
156327528,c1ccc(-c2cc(-c3ccc4sc5ccccc5c4c3)cc(N(c3ccc(-c4ccc5ccccc5c4)cc3)c3cccc4c3oc3ccccc34)c2)cc1,-5.003629482994,-1.1752597203095,3.3785,2.545,75.96062469482422
140593479,CC(C)c1cccc(C(C)C)c1-n1ccnc1-c1cccc([Si](c2ccccc2)(c2ccccc2)c2cccc(-c3ccccn3)c2)c1,-5.5296255560105,-1.0751218233255002,4.1206,3.0474,77.70287322998047
71075849,CNc1ccc(NC)c(-c2ccc(-c3nc(-c4ccccc4)cc(-c4ccccc4)n3)cc2)c1,-4.425115436831,-1.6242475736345001,2.491,2.3749,79.58383178710938
144724824,CC(C)(C)c1cccc2nc(-c3ccccc3)n3ccnc3c12,-5.842556484085501,-1.4729522727564999,3.7028,2.8721,76.93653869628906
72239807,CC1(C)c2cc(C=Cc3ccc(-c4ccc5c(c4)-c4ccccc4[Si]54Cc5ccccc5C4)cc3)ccc2-c2ccc(C=Cc3ccc(-c4ccc5c(c4)-c4ccccc4[Si]54Cc5ccccc5C4)cc3)cc21,-5.102678924576,-1.8364963770245,2.9087,1.9655,76.5181884765625
130258575,c1ccc2cc3c(cc2c1)c1c2c(cc4c5ccccc5n3c41)c1ccccc1n2-c1nc(-n2c3ccccc3c3c4ccccc4ccc32)c2sc3ccccc3c2n1,-5.114651933998,-1.9788119208360002,2.6557,2.3529,78.53466033935547
118346468,c1ccc(-c2ccc(-c3cccc(-c4cccc5c4sc4c(-c6cccc(-c7ccc8c9ccccc9c9ccccc9c8c7)c6)cccc45)c3)cc2)cc1,-5.5938444247285,-1.2117229762765,3.8735,2.7606,77.5213394165039
130381922,c1ccc2c(c1)oc1c2cc2c3c1ccc1cc4c5ccccc5sc4c(c13)n2-c1ccc(-c2ccc3sc4ccccc4c3c2)cc1,-5.024310135632,-1.4239717796665001,3.1451,2.2811,78.60702514648438
92856738,CN(C)c1ccc([C@H]2N[C@@H](c3ccccc3)c3c(ccc4ccccc34)O2)cc1,-5.053698431486,-0.840287570344,3.8423,2.7185,79.41481018066406
158952367,c1ccc(N(c2ccc3c(c2)C(c2ccccc2)(c2ccccc2)c2ccccc2-3)c2cc3oc4ccccc4c3c3sc4ccccc4c23)cc1,-4.984037285758,-1.20274321921,3.2236,2.6975,76.7157211303711
155350468,Cc1ccccc1-c1c2cc3c4cccc5c(-c6cccc7c6sc6ccccc67)ccc(c54)c3c3c4ccccc4c(c4c5ccc6c7ccc8c9c(ccc(c%10ccc(c14)c5c%106)c97)-c1ccccc1-8)c23,-4.9595470392130006,-2.6082112570425,2.1382,1.2423,78.77528381347656
76327201,CC(C)c1nc(Nc2ccccc2)c2cnn(-c3ccccc3)c2n1,-5.7293571222774995,-1.2628803801705,3.98,3.0141,76.22794342041016
155649935,c1ccc(-n2c3ccccc3c3ccc(Oc4ccc5sc6oc7cccnc7c6c5c4)cc32)nc1,-5.48037294907,-0.9847800249595,3.9617,3.092,78.57682800292969
72240008,CC=Cc1ccc2c(c1)C1(CCCC1)c1cc(-c3ccc4c(c3)C3(CCCC3)c3cc(C=Cc5ccc(-c6ccc7c(c6)c6ccccc6n7-c6ccc7c(c6)C(C)(C)c6ccccc6-7)cc5)ccc3-4)ccc1-2,-4.9813161472530005,-1.4680542234475,3.08,2.2517,78.33909606933594
156131667,C=CC=CC(=CC)c1cccc(-c2cc(-c3cccc4ccccc34)cc3c2sc2ccc(-c4ccc5c(c4)c4ccccc4n5-c4cc5cccc6ccc7cc8c(c4c7c65)-c4ccccc4C8(C)C)cc23)c1,-5.0931549398085005,-1.8884701224700002,2.8119,1.8438,78.57237243652344
118410584,CSc1c2cccc3c4cccc5cc6cccc7c8cccc1c8c(c23)c(c54)c67,-4.4754564991735,-2.6582802055345,1.7635,0.3159,77.10508728027344
144896098,c1ccc(-c2c3c(c(-c4ccc(P(c5cccnc5)c5cccnc5)cc4)c4ccccc24)-c2cccc4cccc-3c24)cc1,-5.312750817162,-1.640846518515,3.2619,2.2468,78.03825378417969
58099251,[C-]#[N+]c1ccc(N(c2c(F)ccc(-c3ccccc3)c2F)c2ccc3ccc4c(N(c5ccc(C#N)cc5)c5c(F)ccc(-c6ccccc6)c5F)ccc5ccc2c3c54)cc1,-5.483638315276,-2.0607181898365003,2.9841,1.9931,76.3677749633789
141369395,C1=C(c2ccccc2)c2ccccc2N(c2ccccc2)N1,-5.212068692477,-0.8993362759025001,3.6062,2.6666,75.49507141113281
117891833,CC(C)(C)c1ccc2c(c1)C(C)(C)c1c(-c3ccc(N(c4ccc5ccccc5c4)c4cccc5ccccc45)c4c3C(C)(C)c3cc(C(C)(C)C)ccc3-4)ccc(N(c3ccc4ccccc4c3)c3cccc4ccccc34)c1-2,-4.8659398746410005,-1.140701261296,3.2284,2.3664,93.87166595458984
58232504,Cc1cc(N(c2ccccc2)c2ccc(C(C)C)cc2)cc2c1-c1ccc3c(c1C2(C)C)C(C)(C)c1cc(N(c2ccccc2)c2ccc(C(C)C)cc2)cc(C)c1-3,-4.523620650712,-1.03947490891,3.056,2.3535,92.6571044921875
156270044,c1ccc(-c2cccc(-c3cccc(N(c4ccccc4-c4cccc(-c5cccc6ccccc56)c4)c4cccc5c4-c4ccccc4C5(c4ccccc4)c4ccccc4)c3)c2)cc1,-5.1002298999215006,-0.9733512432385001,3.5824,2.6473,92.7183837890625
155416146,CC(C)(C)c1ccc(N(c2ccc(C(C)(C)C)cc2)c2ccc3c4ccc(C=C5c6ccccc6C(=O)c6ccccc65)c5cccc(c6cccc2c63)c54)cc1,-4.756005879039,-2.320586917064,2.1251,1.3269,93.53726196289062
138581992,C1=CC2=C(CC1)c1ccccc1C21c2ccccc2-c2c1ccc1c2Oc2cc(N(c3ccccc3)c3ccccc3-c3ccc(-c4ccccc4)cc3)ccc2O1,-4.819680520056,-1.0751218233255002,3.2803,2.0099,91.29362487792967
129201359,CC(C)(C)c1ccc(-c2cc(-c3ccc(-c4nc5ccccc5c5ccccc45)cc3)cc(-c3nc(-c4ccccc4)nc(-c4ccccc4)n3)c2)cc1,-5.7712626552545006,-1.8239791399015002,3.501,2.6542,91.25433349609376
142356356,c1ccc(-c2ccc(-c3nc(-c4ccccc4)cc(-c4ccc5c(c4)C4(c6ccccc6-c6ccccc64)c4ccccc4-5)n3)cc2)cc1,-5.6836419953935,-1.7129566888975003,3.5067,2.677,91.48033905029295
118134218,CC1(C)c2ccccc2-c2ccc(N(c3ccc(-c4cccc5c4Oc4ccccc4O5)cc3)c3cccc4ccccc34)cc21,-4.833830440282,-1.1676405324955,3.0819,2.4762,92.77369689941406
140947280,c1ccc(-c2ccc(-c3nc(-c4ccccc4)nc(-c4cccc(-c5cccc6c5Oc5ccccc5C65c6ccccc6-c6ccccc65)c4)n3)cc2)cc1,-5.6439133732205,-1.850918411101,3.4217,2.8277,91.67527770996094
144605702,Cc1c(-c2ccc(-n3c4c(c5c6ccccc6c6ccccc6c53)CCc3ccccc3-4)cc2)cc(Cc2ccccc2)c2ccccc12,-4.874647517857,-1.28437737436,3.1831,2.5086,93.39305877685548
121306325,C1=CC2C(C=C1c1ccc(-c3nc(-c4ccccc4)cc(-c4ccccc4)n3)cc1)c1ccccc1N2c1cccc(-c2cccc3c2c2ccccc2n3-c2ccccc2)c1,-4.9581864699605,-1.626152370588,2.951,2.2716,92.74510192871094
148353342,c1ccc(-c2nc(-c3ccccc3)c3cc(-n4c5cccc6c5c5c7c(cccc7ccc54)-c4ccccc4-6)c4ccccc4c3n2)cc1,-4.9745133009905,-2.0019415981285,2.5449,2.3844,91.7541732788086
144640522,Cc1ccccc1-c1cccc(-c2cccc(-c3cccc4c3c3ccccc3n4-c3ccc(-c4c5ccccc5c(-c5ccccc5)c5ccccc45)cc3)c2)c1C,-5.2150619448325,-1.7281950645255,3.1464,1.7338,91.2699203491211
58078231,c1ccc(N(c2ccccc2)c2ccc(-c3ccc4ccc5c(N(c6ccccc6)c6ccnc7ccccc67)ccc6ccc3c4c65)c3ccccc23)cc1,-5.037915828157,-1.7880601116355002,2.8703,1.9734,91.56437683105467
137416235,N#Cc1ccc(N(c2ccc3c(c2)c2ccccc2n3-c2ccccc2)c2ccc3c(c2)c2cc(N(c4ccc(C#N)cc4)c4ccc5c(c4)c4ccccc4n5-c4ccccc4)cc4c2n3-c2ccccc2C42c3ccc4ccccc4c3-c3c2ccc2ccccc32)cc1,-4.8659398746410005,-1.5921381392755,2.8407,2.1104,90.59626007080078
89068001,Cc1ccccc1N(c1ccccc1)c1ccc(/C=C/c2ccc(N(c3ccccc3)c3ccc4ccccc4c3)cc2)cc1,-4.5998125288519995,-1.3099560763070002,2.9263,2.005,92.51769256591795
158684649,N#Cc1cc(-c2nc(-c3ccccc3)nc(-c3ccc(-c4ccccc4)cc3)n2)ccc1-n1c2ccccc2c2ccc3c(c4ccccc4n3-c3ccc4ccccc4c3)c21,-5.1274412849715,-2.2294287771465,2.4709,2.4227,93.76272583007812
121402289,c1ccc(-c2cc(-c3ccccc3)nc(-c3ccc(-c4cccc5ccc(-c6ccc(-c7cnc8ccccc8c7)cc6)cc45)cc3)n2)cc1,-5.5298976698610005,-1.705609614934,3.4549,2.4671,91.5670928955078
156686461,c1ccc(N2c3ccccc3B3c4cc5c(cc4Oc4cccc2c43)N(c2ccccc2)c2cc3c4c6c2B5c2ccccc2N6c2ccccc2B4c2ccccc2O3)cc1,-4.986758424263,-1.559756591066,2.9516,2.6144,92.6783447265625
155335195,CC12C=CC=CC1c1ccccc1N2c1ccc2c3ccccc3n(-c3ccc(-c4ccc(-n5c6ccccc6c6ccc(-n7c8ccccc8c8ccccc87)cc65)cc4)cc3)c2c1,-4.8716542655015,-1.321929085729,3.186,2.4848,90.05875396728516
59499990,Cc1cc(C)c(-c2ccc3c(c2)c2ccccc2n3-c2ccc(-n3nc(-c4ccccc4)cc3-c3ccccc3)cc2)c(C)c1,-5.339962202212,-1.1371637812395001,3.6883,3.036,91.49716186523438
140922235,CC1(C)c2ccccc2-c2cc3c4ccccc4n(-c4cc(-c5cccc(C#N)c5)cc(-c5nc(-c6ccccc6)nc(-c6ccc(-c7ccccc7)cc6)n5)c4)c3cc21,-5.212068692477,-2.164393566877,2.6082,2.5122,91.58625793457033
121459348,Cc1ccc(N(c2ccccc2)c2ccc3c(c2)c2cc(-c4ccccc4)ccc2n3-c2ccc(-c3nc(-c4ccccc4)nc(-c4ccccc4)n3)cc2)cc1,-4.695324490377501,-1.9652062283110001,2.4152,2.3219,93.9022445678711
89053811,C=Cc1ccc(N(c2ccc(-c3cccc(-c4cccc(C)c4)c3)cc2)c2cccc3c2CCC=C3)cc1,-4.900226219804,-0.9491331105440001,3.4784,2.5574,90.4421844482422
158487685,Cc1ccc(N(c2ccccc2)c2c3ccccc3cc3c2c2cccc4c5c(N(c6ccc(C)cc6)c6ccc(C)cc6)c6ccccc6cc5n3c24)cc1,-4.8161430399995,-1.6084649703055,2.6777,2.1807,92.55856323242188
161032695,CC(C)(C)c1cccc(N2CN(c3cccc(Oc4ccc5c6ccccc6n(-c6cc(C(C)(C)C)ccn6)c5c4)c3)c3ccc(C(C)(C)c4ccccc4)cc32)c1,-4.473007474519,-0.8215117146595,3.3961,2.958,91.8623046875
121475656,c1ccc2c(c1)c1cc(-n3c4ccc(-n5c6ccccc6c6ccccc65)cc4c4cc(-n5c6ccccc6c6ccccc65)ccc43)ccc1c1ccc(-n3c4ccc(-n5c6ccccc6c6ccccc65)cc4c4cc(-n5c6ccccc6c6ccccc65)ccc43)cc21,-5.229211865058501,-1.745338237107,3.1264,2.7208,93.92640686035156
145370309,c1ccc(-c2cc3c(c4c5ccccc5n(-c5ccccc5)c24)-c2ccccc2C3(c2ccccc2)c2ccccc2)cc1,-5.1443123437025,-1.1856000466285,3.4666,2.5924,90.0661392211914
139575804,Cc1c(-n2c3ccccc3c3c2ccc2c4ccccc4n(-c4ccccc4)c23)cc(-n2c3ccccc3c3c2ccc2c4ccccc4n(-c4ccccc4)c23)c(C#N)c1-c1cncc2cnccc12,-5.160911288583,-1.9728254161249998,2.6666,2.5969,91.11949157714844
155273472,C=CC=c1c(=CC)c2ccccc2n1-c1ccc2c(c1)C(C)(C)c1cc(N(c3ccc4ccccc4c3)c3cccc4ccccc34)ccc1-2,-4.529062927722,-1.2454650937385,2.9303,1.6149,90.46026611328124
146648994,c1ccc(-c2nc(-c3ccc(-c4cccc5cccnc45)cc3)nc(-c3ccc(-c4cccc5c4-c4ccccc4C54c5ccccc5-c5ccccc54)c4ccccc34)n2)cc1,-5.629491339144001,-1.8860210978154999,3.3855,2.4425,90.48527526855467
59573298,Cc1ccc(N2c3ccccc3CCCc3ccccc32)c(-c2ccccc2)c1,-4.8441707666010005,-0.63674641017,3.5239,3.107,90.84606170654295
90223491,c1ccc(-n2ccc3c4ccc5c(c4ccc32)c2ccccc2n5-c2ccc(-c3ccccn3)nc2)cc1,-5.0441744467185,-1.5170347165375,3.0946,2.5433,91.35372924804688
145180233,c1ccc2c(c1)cc(-c1ccc(-c3c4ccccc4n4c3cnc3ccccc34)cc1)c1ccccc12,-5.177238119613,-1.764386206642,2.9956,2.0173,92.8291473388672
155651119,CC(C)c1cc(C(C)C)c(-c2ccc3c(c2)N(c2cc(Oc4ccc5c6ccccc6n(-c6cc(C(C)(C)C)ccn6)c5c4)cc(C(C)(C)C)c2)CN3c2cc(-c3ccccc3)cc(C(C)(C)C)c2)c(C(C)C)c1,-4.5853904947755,-0.8487230997095,3.4136,2.9665,90.74979400634766
58260668,CC1(C)c2ccc3cccc4c3c2-c2c1c(N(c1ccccc1)c1ccccc1)c1ccccc1c2C4(C)C,-5.004990052246501,-1.398120963869,3.0835,2.1812,92.71883392333984
126629861,CC1(C)c2ccccc2-c2ccc(N(c3ccc4c(c3)Oc3ccccc3O4)c3ccc4c(c3)oc3cccc5cccc4c53)cc21,-4.7366857956535,-1.2247844411005,3.0911,2.2074,92.0388641357422
57739062,c1ccc2c(c1)c1ccccc1n2-c1ccc2c(c1)Oc1cc(-n3c4ccccc4c4ccccc43)ccc1O2,-5.2869000013645,-0.9227380670455001,3.7571,3.0138,91.1957778930664
155249621,c1ccc(-c2ccc(-c3cc(-c4ccccc4)nc(-c4ccc(-c5cccc(-c6nc7c(-c8ccccc8)cccc7c7c6ccc6ccccc67)c5)cc4)n3)cc2)cc1,-5.6675872782139995,-1.7385353908445,3.4502,2.4333,91.15579223632812
138729969,c1ccc2c(c1)-c1ccccc1C21c2ccccc2-c2cc(-c3cccc4ccccc34)c(N(c3ccc(-c4cccc5ccccc45)cc3)c3ccc4c5ccccc5c5ccccc5c4c3)cc21,-4.8400890588435,-1.15376272612,3.1491,2.5621,91.69588470458984
58669186,CC(C)(C)c1ccc2c(c1)c(N(c1ccc3c(c1)CCC3(C)C)c1ccc3c(c1)C(C)(C)CC3)cc1c3ccccc3c(N(c3ccc4c(c3)CCC4(C)C)c3ccc4c(c3)C(C)(C)CC4)cc21,-4.5717848022505,-1.2509073707485,2.8106,2.1607,91.19766235351562
140956559,c1ccc(-n2c3ccccc3c3cc4c(cc32)c2nccnc2c2ccc3c5ccccc5n(-c5ccccc5)c3c42)cc1,-5.122815349513,-1.6057438318005,2.9855,2.5167,93.83675384521484
129292685,c1ccc(-c2nc(-c3ccccc3)nc(-c3cc(-c4cccc(-c5ncccn5)c4)cc(-c4cccc5ccccc45)c3)n2)cc1,-5.639831665463,-1.808468650423,3.3584,2.6348,90.19963836669922
156303397,CC1(C)c2ccccc2-c2ccc(-c3cc(-n4c5ccccc5c5cc(-c6ccc7c(c6)c6ccccc6n7-c6ccccc6)ccc54)c4c5ccccc5c5ccccc5c4c3)cc21,-4.956825900708,-1.449822595464,3.0899,2.6024,91.63518524169922
153302522,CC1(C)c2ccccc2C2(c3ccccc3-c3ccc(-c4ccc(-c5nc(-c6ccc(-c7ccccc7)cc6)nc(-c6ccc(-c7ccccc7)cc6)n5)cc4)cc32)c2ccccc21,-5.5949328801305,-1.8930960579285003,3.3295,2.6104,91.4149398803711
139575007,c1ccc(-n2c3ccccc3c3ccc4c(c5ncccc5n4-c4cccc(-c5cccc(-n6c7ccccc7c7ccccc76)c5)c4)c32)cc1,-5.1209105525595,-1.258254444712,3.3988,2.9439,92.4632339477539
155114455,c1ccc(-c2nc3ccccc3nc2-n2c3ccc(-c4ccc5c(c4)c4ccccc4n5-c4ccccc4)cc3c3cc4ccccc4cc32)cc1,-4.932879881864,-2.0822151840260004,2.3553,2.1954,93.34944915771484
87411952,c1ccc(N(c2ccccc2)c2ccnc3c2ccc2c(-c4ccc5ccc6c7c(ccc4c57)cc4c6c5ccccc5n4-c4ccccc4)ccnc23)cc1,-5.084991524293501,-1.7831620623265,3.0168,1.9007,90.8421859741211
118546410,c1ccc(-c2nc(-c3ccccc3)nc(-c3ccccc3-c3nc4ccccc4c4c5ccccc5c5ccccc5c34)n2)cc1,-5.632212477649,-1.7951350717485,3.2826,2.4115,91.3539581298828
146367875,c1ccc(-c2cc3c(cc2-c2nc(-c4ccccc4)c4c(n2)-c2ccccc2C4)-c2ccccc2C3(c2ccccc2)c2ccccc2)cc1,-5.538605313077,-1.5834304960595,3.473,2.8159,90.7752914428711
121431195,CC1(C)c2c(ccc3cc(N(c4ccccc4)c4ccccc4)ccc23)-c2c1c1ccc(N(c3ccccc3)c3ccccc3)cc1c1ccccc21,-4.627568141603,-1.325738679636,2.8943,2.0889,93.99793243408205
149344916,CC1(C)c2ccccc2-c2cc3c4ccccc4n(-c4ccc(-n5c6ccccc6c6cc7c8ccccc8c8ccccc8c7cc65)cc4)c3cc21,-5.162543971686,-1.272948592639,3.4222,2.6426,93.0342254638672
129290260,c1ccc(-c2nc3ccccc3nc2-n2c3ccccc3c3cc4c(cc32)C(c2ccccc2)(c2ccccc2)c2ccc3ccccc3c2-4)cc1,-5.0822703857885,-2.103984292066,2.5034,2.3079,92.89469909667967
59412504,c1ccc(N(c2ccccc2)c2c3ccccc3c(-c3cccc4c3ccc3cc5ccccc5cc34)c3ccccc23)cc1,-4.942131752781,-1.791597591692,2.5739,1.6642,90.09584045410156
137455465,c1ccc(-c2ccc(-n3c4cccc5c6cccc7c6c6c(c54)c3ccc6n7-c3ccc(-c4ccccc4)cc3)cc2)cc1,-4.937777931173001,-1.02859035489,3.4015,2.6277,90.2446517944336
154028257,c1ccc(-c2cc(-c3ccccc3-c3ccccc3)nc(-c3ccc(C4(c5ccccc5)c5ccccc5-n5c6ccccc6c6cccc4c65)cc3)n2)cc1,-5.2542463393045,-1.56193350187,3.4152,2.9468,93.97760772705078
134528164,c1ccc(N(c2ccccc2)c2cccc3c2C2(c4ccccc4-c4cc5c6ccccc6c6ccccc6c5cc42)c2ccccc2-3)cc1,-5.014514037014,-1.1787972003659999,3.295,2.6492,92.96588134765624
139539154,C=Cc1ccc2cccc(-n3c4ccccc4c4cc(-c5ccc6c(c5)c5c7ccccc7ccc5n6-c5nc6c7c(cccc7n5)Oc5ccccc5-6)ccc43)c2c1C=C,-5.0267591602865,-2.0329625770855,2.6302,2.3872,91.05651092529295
88866638,c1ccc(-n2c3ccccc3c3cc(-n4c5ccccc5c5c(-c6cccc7c6c6ccccc6n7-c6cc7ccccc7c7ccccc67)cccc54)ccc32)cc1,-5.0528820899345,-1.274581275742,3.2758,2.707,93.08160400390624
89947410,c1ccc(-n2c3ccccc3c3ccc(-c4ccc5c6ccccc6n(-c6ccc(-n7c8ccccc8c8ccccc87)cc6)c5c4)cc32)cc1,-5.3255401681355,-1.136891667389,3.6982,2.7912,93.3892593383789
70822940,Cc1ccc(-c2cc3cc4c(cc3n2-c2cccc3ccccc23)CC(c2ccc(C)cc2)N4c2cccc3ccccc23)cc1,-4.5304234969745,-1.215804684034,2.8094,2.4864,93.53658294677734
59195531,Cc1ccc2c(-c3nc(-c4ccccc4)nc(-c4ccccc4)n3)c3ccccc3c(-c3ccc4c(c3)C(C)(C)c3ccccc3-4)c2c1,-5.1160125032505,-1.8198974321439998,2.7655,1.7186,93.54059600830078
70999511,C1=CC2c3cc(-c4ccc(-c5ccc(N(c6ccc(-c7ccccc7)cc6)c6ccc(-c7cccc8ccccc78)cc6)cc5)cc4)ccc3N(c3ccccc3)C2C=C1,-4.789747996501,-1.1017889806745,3.256,2.4995,91.47044372558594
129122462,c1ccc(-n2c3ccccc3c3c4c(ccc32)c(-c2cccc(-c3ccc(-c5nc(-c6cccc7ccccc67)c6ccccc6n5)cc3)c2)nc2ccccc24)cc1,-5.458875954880501,-1.8386732878285001,3.3672,2.4875,91.6998291015625
142703403,c1ccc(-c2ccc(N(c3ccc(-c4ccc(-c5cc(-c6ccccc6)c6cc(N(c7ccc(-c8ccccc8)cc7)c7ccc8c(c7)c7ccccc7n8-c7ccccc7)ccc6n5)cc4)cc3)c3ccc4c(c3)c3ccccc3n4-c3ccccc3)cc2)cc1,-4.5998125288519995,-1.5349942306705,2.6771,2.1653,91.7457504272461
122466430,c1ccc(-c2nc(-c3cccc(-n4c5ccccc5c5ccc(-c6ccc7c(c6)c6ccccc6n7-c6ccccc6)cc54)c3)nc3c2-c2cccc4cccc-3c24)cc1,-5.0234937940805,-2.2811304087415003,2.4881,2.2637,92.51004028320312
139361485,c1ccc2cc3c(cc2c1)c1ccccc1n3-c1ccc(-c2nc(-c3ccncc3)c3ccccc3n2)cc1,-5.042269649765,-2.26942951317,2.4461,2.2757,92.06360626220705
142555772,c1ccc(-c2nc(-c3ccccc3-n3c4ccccc4c4cc(-c5cccnc5-c5ccccc5)ccc43)cc(-c3ccccc3-n3c4ccccc4c4cc(-c5cccnc5-c5ccccc5)ccc43)n2)cc1,-5.292070164524,-1.761120840436,3.0003,2.9425,91.19287109375
134476220,c1ccc(-c2nc(-n3c4ccccc4c4ccc(-c5cccc(-c6ccc7c(c6)Sc6ccccc6N7c6ccccc6)c5)cc43)nc3ccccc23)cc1,-4.854783206770501,-1.9597639513010001,2.6724,2.4949,90.95765686035156
122434620,c1ccc(-n2c3ccccc3c3ccc(-c4cccc(-c5ncc6c(n5)-c5cccc7cccc-6c57)n4)cc32)cc1,-5.2591443886135,-2.2675247162165,2.7193,2.3038,91.49259948730467
89661086,c1ccc(-c2ccc(-n3c4ccccc4c4cc5c(ccc6c7ccccc7n(-c7ccccc7)c56)cc43)cn2)cc1,-4.849613043611,-1.3281877042905,3.0725,2.3189,92.29134368896484
146543012,N#Cc1ccc(-c2ccc(-c3cccc(-n4c5ccccc5c5ccccc54)c3)cc2)cn1,-5.493434413894001,-2.1282024247605,3.031,2.8434,91.01844024658205
117983415,N#Cc1ccc2c3c1ccc1cc(-c4c5ccccc5c(-c5ccc(-c6ccccc6)c6ccccc56)c5ccccc45)cc(c13)n2-c1ccccc1,-5.2558790224075,-1.7861553146820002,3.0291,1.7326,92.37438201904295
144299712,Cc1cccc(N(c2ccccc2)c2cc3c(c4ccccc24)CC=C2C(=CCC3(C)C)c3c(cc(N(c4ccccc4)c4cccc(C)c4)c4ccccc34)C2(C)C)c1,-4.869205240847,-1.356759658593,3.0127,2.1572,90.43639373779295
147690119,c1ccc(-c2nc(-c3ccc(-c4c5ccccc5c(-c5ccccc5)c5ccccc45)cc3)nc(-c3ccc4ccccc4c3)n2)cc1,-5.1454007991045,-1.924933378437,2.8606,1.7276,90.41806030273438
158212748,Cc1nc(-c2ccccc2)c2c(cc(-c3cccc(-c4ccccc4)c3)c3ccccc32)n1,-5.983783572495001,-1.7159499412530002,3.6135,2.6786,90.4875259399414
139505642,Cc1ccc(N(c2ccc(C)cc2)c2ccc(-c3c(-c4ccc(N(c5ccc(C)cc5)c5ccc(C)cc5)cc4)c4c5ccccc5n(-c5ccccc5)c4c4c3c3ccccc3n4-c3ccccc3)cc2)cc1,-4.6779092039455,-0.791851304955,3.4516,2.9084,92.92141723632812
156175179,c1ccc(-c2cccc(-c3cccc(-c4nc(-c5ccccc5)nc(-n5c6ccccc6c6c5ccc5c7ccccc7n(-c7ccccc7)c56)n4)c3)c2)cc1,-5.245810809939,-1.9018037011445,2.8803,2.7975,90.80623626708984
90274633,C/C=C\C=C/C=C/N(c1ccc(C2(c3ccc(N(c4ccccc4)c4ccc(-c5ccccc5)cc4)cc3)c3ccccc3-c3ccccc32)cc1)c1ccc2c(c1)C(C)(C)c1ccccc1-2,-4.4994025180175,-1.024236533282,3.025,1.8977,90.70010375976562
118587359,c1ccc(-n2c3ccccc3c3c(-c4cccc5c4c4cnccc4n5-c4ccccc4)cccc32)cc1,-5.276831788896001,-0.8710364354504999,3.8334,3.1344,92.734619140625
154614146,CC1(C)c2cc(-c3nc(-c4ccccc4)cc(-c4cccc(-c5cccc(-c6nc(-c7ccccc7)nc(-c7ccccc7)n6)c5)c4)n3)ccc2-c2ccc3ccccc3c21,-5.4011878185745,-1.8416665401840002,3.3204,2.3964,91.78245544433594
132131239,CC1(C)c2cc(N(c3ccc(-c4ccc(-c5ccccc5)cc4)cc3)c3ccc(-c4ccc(-c5ccccc5)cc4)cc3)ccc2-c2ccc(-n3c4ccccc4c4cc(-c5ccccc5-c5ccccc5)ccc43)cc21,-4.8531505236675,-1.2272334657550001,3.15,2.5494,91.98350524902344
158304674,c1ccc(-c2ccc(-c3nc(-c4ccc(-n5c6ccccc6c6cc(-c7ccccc7)ccc65)cc4)nc(-c4cccc(-c5ccccc5)c4)n3)cc2)cc1,-5.3113902479095,-1.998948345773,2.9267,2.6452,93.94172668457033
137494144,c1ccc(-c2nc(-c3ccccc3)nc(-c3ccc(-c4cc5c(c6ccccc46)-c4c(ccc6ccccc46)C54c5ccccc5-c5ccccc54)cc3)n2)cc1,-5.1377816112905,-1.915137279819,2.8604,2.0078,91.0619888305664
145297644,c1ccc(-c2cc(-c3cc(-n4c5ccccc5c5ccccc54)cc(-n4c5ccccc5c5ccncc54)c3)nc(-c3ccccc3)n2)cc1,-5.514115066532,-1.974458099228,3.0382,2.8662,92.92728424072266
89468787,Cc1cccccc(-n2c(C)c(C)c3cc4ccc5c6c(ccc(c46)c32)cc2c(C)c(C)n(-c3c4ccccc4c(C(C)(C)C)c4ccccc34)c25)c2ccccc2c1C(C)(C)C,-4.237084766135499,-1.8658846728785001,1.8925,1.5833,92.84500122070312
139429022,CCCCc1ccc(N2c3cc4ccccc4cc3N(c3ccc(CCCC)cc3)C3C=c4ccccc4=CC32)cc1,-4.6860726194605,-2.013098265999,2.0379,0.8854,91.19115447998048
141282309,c1ccc(-c2cccc3nc4c(ccc5cc6c(ccc7cc8ccccc8nc76)cc54)cc23)cc1,-5.3832283044415,-2.070242174604,2.8688,1.9758,92.30093383789062
68018261,c1ccc(-c2ccc(-c3cc(-c4ccc(-c5ccc(-c6cc(-c7ccc(-c8ccccc8)cc7)nc(-c7cccc8ccccc78)n6)cc5)cc4)nc(-c4cccc5ccccc45)n3)cc2)cc1,-5.626225972938,-2.016907859906,3.185,2.4831,91.40687561035156
70882531,CCCC(C)(CC)c1cc(-c2ccccc2)c(OC(C)CC)c(-c2ccc(-c3cc(-n4c5ccccc5c5ccccc54)cc(-n4c5ccccc5c5ccccc54)c3)cc2)c1,-5.386765784498,-1.3194800610744999,3.5245,2.981,90.4029541015625
146187375,c1ccc(-c2ccc(-n3c4ccccc4c4cc(-c5ccc(-c6ccc7c(c6)c6ccncc6n7-c6cccc(-c7ccccc7)c6)cc5)ccc43)cc2)cc1,-5.1402306359450005,-1.085734263495,3.6114,2.8892,91.02819061279295
130258900,c1ccc2c(-c3nc(-n4c5ccccc5c5cc6c7ccccc7n7c8ccccc8c(c54)c67)c4ccccc4n3)cccc2c1,-5.353023667036,-2.06262298679,2.7636,2.3208,92.94564056396484
155652680,Cc1ccnc(-n2c3cc(Oc4cccc(N5CN(c6cccc(C(C)(C)C)c6)c6ccccc65)c4)ccc3c3ccc(C(C)(C)C)cc32)c1,-4.466476742107,-0.8819209894705,3.177,2.9951,91.71724700927734
117976421,c1ccc(C2(c3ccccc3)c3ccccc3-c3ccc(-n4c5ccccc5c5cc(-c6ccc7cc(N(c8ccc9ccccc9c8)c8cccc9ccccc89)ccc7c6)ccc54)cc32)cc1,-4.7715163685175,-1.152130043017,3.079,2.4027,92.5661163330078
58991718,c1ccc(-c2cccc(-c3c4ccccc4c(-c4cccc(-n5c6ccccc6c6ccccc65)c4)c4ccccc34)c2)cc1,-5.215334058683,-1.7232970152165,3.1466,1.7355,90.11196899414062
139568301,CC1(C)c2ccccc2-c2ccc(N(c3cccc(-c4ccc(-n5c6ccccc6c6ccccc65)c5ccccc45)c3)c3cccc4c3-c3ccccc3C4(C)C)cc21,-4.9570980145585,-1.3521337231344999,3.1759,2.5764,93.0575942993164
158414779,c1ccc(-c2nc(-c3ccc4c(c3)-c3ccccc3C4c3ccccc3)nc(-c3ccc(N4c5cc6ccccc6cc5-c5cccc6cccc4c56)c4ccccc34)n2)cc1,-4.673555382337501,-2.048473066564,2.1147,2.0492,93.8655242919922
122666012,c1cc(-c2ccc(-c3nc4ccccc4c4c3ccc3ccccc34)cc2)cc(-c2cc(-c3ccc4ccccc4c3)nc(-c3ccc4ccccc4c3)n2)c1,-5.702962078779,-1.7918697055425001,3.4511,2.4779,90.083251953125
140947194,CC1(C)c2ccccc2-c2ccc(-c3nc(-c4ccccc4)nc(-c4ccc(-c5cccc6c5Oc5ccccc5C65c6ccccc6-c6ccccc65)cc4)n3)cc21,-5.6531652441375,-1.8408501986325,3.4052,2.6413,91.46752166748048
156304445,c1ccc(N(c2ccccc2)c2ccc3ccc4c(c3c2)c2ccccc2n4-c2ccc3ccccc3c2)cc1,-4.7911085657535,-1.3091397347555,3.1223,2.4587,92.5287857055664
146214121,c1ccc2c(N3c4c(ccc5ccccc45)-c4cccc5cccc3c45)c(-c3nc4ccccc4nc3-c3cc4ccccc4c4ccccc34)ccc2c1,-4.4253875506815,-1.8751365437955,2.0255,1.9701,94.767822265625
20733806,Cc1cc(/C=C/c2ccccc2)ccc1N(c1ccccc1)c1ccc(N(c2ccccc2)c2ccc(/C=C/c3ccccc3)cc2C)c2c1-c1ccccc1-2,-4.6697457884305,-1.413359339497,2.8459,2.1181,94.1658706665039
142006025,Cc1cc(C)c(B2c3c(C)cc(C)cc3-c3cccc4c(-c5ccc(N(c6ccccc6)c6cccc7ccccc67)cc5)c5ccccc5c2c34)c(C)c1,-4.860769711481501,-1.93745061556,2.52,1.5376,94.4621810913086
90944576,Cc1cc(C)cc(N(c2ccc3c(c2)C(C)(C)c2cc(C=Cc4ccc(N(c5ccccc5)c5ccccc5)cc4)ccc2-3)c2cc3ccccc3c3ccccc23)c1,-4.596002934945,-1.4190737303575,2.8141,1.957,94.35124206542967
135264494,c1ccc(-c2ncc(N(c3ccc4ccccc4c3)c3cccc4c3ccn4-c3ccccc3)cn2)cc1,-4.9663498854755,-1.2329478566155,3.2239,2.4688,94.78974151611328
70885461,Cc1cc(C)cc(N(c2cc(C)cc(C)c2)c2cc3c4c(c2)c2cc(N(c5cc(C)cc(C)c5)c5cc(C)cc(C)c5)cc5c2n4-c2c(cccc2C5(C)C)C3(C)C)c1,-4.4047068980435,-0.8743018016565,2.9933,2.5724,94.2823257446289
155465751,CC1(C)c2ccccc2-c2c(-c3cccc(-c4nc(-c5ccccc5)c5ccccc5n4)c3)cc3ccccc3c21,-5.3532957808865,-1.89935467649,3.0985,2.4964,94.2268524169922
90974701,CC1(C)c2cccc3c2N2c4c1cc(CC(c1ccccc1)c1ccc5ccccc5c1)cc4C(C)(C)c1cc(-c4ccc(N(c5ccccc5)c5ccccc5)cc4)cc(c12)C3(C)C,-4.5598117928285,-1.049815235229,3.1547,2.668,94.46351623535156
89065066,CC1(C)c2ccccc2N2c3ccc(-c4ccc5cc(N(c6cccc7ccccc67)c6cc7ccccc7c7ccccc67)ccc5c4)cc3C(C)(C)c3cccc1c32,-4.747298235823,-1.2002941945555001,3.1008,2.3462,95.82708740234376
122435278,CC1(C)c2ccccc2N(c2cccc3cccc(S(=O)(=O)c4ccccc4)c23)c2ccccc21,-4.71845416767,-1.7271066091235,2.3221,2.2859,95.6850357055664
89502054,CCC(C)(C)c1ccc2c(c1)c1ccccc1n2-c1cc(-n2c3ccccc3c3ccccc32)cc(-n2c3ccccc3c3ccccc32)c1,-5.422140585063,-0.9564801845075,3.7832,3.1568,95.0913314819336
132267138,N#Cc1ccc(-c2ccccc2-n2c3ccccc3c3ccccc32)cc1-c1ccc2c(c1)c1ccccc1n2-c1ccccc1,-5.4332972529334995,-1.5714574866375002,3.2908,2.914,94.67316436767578
88549726,CC1(C)c2ccccc2N(c2c3ccccc3c(-c3cc4c(c5ccccc35)-c3ccccc3C4(C)C)c3ccccc23)c2ccccc21,-4.8825388195215,-1.8588097127654999,2.3411,1.7151,94.42237854003906
154958267,N#Cc1cc(-n2c3ccccc3c3c(-n4c5ccccc5c5ccccc54)cccc32)ccc1-c1cccc(-n2c3ccccc3c3c(C#N)cccc32)c1,-5.444998148505,-2.0577249374810003,3.0464,2.8672,96.10041809082033
162189284,CC1(C)c2ccccc2-c2c(N(c3ccc(-c4ccccc4)cc3)c3ccc(-c4ccccc4)cc3)cc(N(c3ccccc3)c3ccc(-c4ccccc4)cc3)cc21,-4.797911412016,-1.0081818161025,3.3392,2.6038,94.1890869140625
89667880,c1ccc(-c2ccccc2-c2cc(-n3c4ccccc4c4ccccc43)cc(-n3c4ccccc4c4ccccc43)c2)c(-c2cc(-n3c4ccccc4c4ccccc43)cc(-n3c4ccccc4c4ccccc43)c2)c1,-5.428127089774,-1.3254665657855,3.6003,3.1708,94.5067901611328
155241129,c1ccc(-c2cc(-c3ccccc3)nc(-c3cccc(-n4c5ccccc5c5ccc6c7ccccc7n(-c7ccc8ccccc8c7)c6c54)c3)n2)cc1,-5.048256154475999,-1.6849289622960002,2.9602,2.6554,94.46368408203124
132110794,CC12c3ccccc3-c3cccc(c31)N(c1ccc(-c3ccc4c(c3)c3cc(-c5ccccc5)ccc3n4-c3ccccc3)cc1)c1ccc(-c3cccc4c3c3ccccc3n4-c3ccccc3)cc12,-4.927437604854,-0.9104929437729999,3.5228,2.9376,94.11258697509766
155397950,N#Cc1c(-c2ccccc2)c(-n2c3ccccc3c3cc(-n4c5ccccc5c5ccccc54)ccc32)c(-c2ccccc2)c(C#N)c1-n1c2ccccc2c2cc(-n3c4ccccc4c4ccccc43)ccc21,-5.1981908861015,-2.523583849537,2.3137,2.3058,96.86032104492188
153424980,Cc1ccc2c3c1C(C)(C)c1ccccc1B3c1cc(C(C)C)cc3c1N2c1ccc(C)c2c1B3c1ccccc1C2(C)C,-5.087440548948,-1.8247954814529999,2.7441,2.3473,94.11283111572266
159284747,CC(C)(C)c1ccc2c(c1)B1c3ccc(N(c4ccccc4)c4ccccc4)cc3N(c3ccc(C(C)(C)C)cc3-c3ccccc3)c3cc(-c4ccccc4)cc(c31)N2c1ccc(C(C)(C)C)cc1-c1ccccc1,-4.6169557014335,-1.1570280923260001,2.9522,2.5101,95.41473388671876
146562132,N#Cc1ccc(-c2c(C#N)c(-n3c4ccccc4c4ccccc43)c(-n3c4ccc(-n5c6ccccc6c6ccccc65)cc4c4c5ccccc5ccc43)c(-n3c4ccccc4c4ccccc43)c2C#N)cc1,-5.314383500265,-2.769030542688,2.1804,2.1617,95.34661102294922
156355954,CC1(C)c2cc(-c3ccc4c(c3)C3(c5ccccc5-4)c4ccccc4N(c4ccccc4)c4ccccc43)ccc2-c2ccc(N(c3ccc(-c4ccccc4)cc3)c3ccccc3-c3ccccc3)cc21,-4.7617202698995005,-1.1654636216915,3.1869,2.5054,96.46560668945312
154967671,CC1(C)c2ccccc2N(c2ccccc2)c2cc(-n3c4ccccc4c4ccc5c(c6ccc7ccc8c9ccccc9n9c%10ccccc%10n5c6c7c89)c43)ccc21,-4.890974348887,-0.923010180896,3.5811,2.5696,94.8867645263672
132266231,Cc1noc(C)c1-c1cc(-n2c3ccccc3c3ccccc32)cc(-n2c3ccccc3c3ccccc32)c1,-5.5067679925685,-1.076482392578,3.7742,3.1763,94.3149185180664
89673354,c1ccc(-c2ccc3c(c2)c2cc4c5cccc6cccc(c65)n(-c5nc(-c6ccccc6)cc(-c6ccccc6)n5)c4cc2n3-c2ccccc2)cc1,-4.38647527006,-2.0199011122615,1.8454,1.8307,94.05404663085938
145144750,C=C1c2c(ccc3ccccc23)-c2ccc(-n3c4cc5c(cc4c4cc6c7ccccc7c7ccccc7c6cc43)-c3ccccc3C5(C)C)cc2N1c1ccccc1C,-4.8781849979135,-1.4827483713745,2.8924,2.1354,94.79122161865234
158193538,N#Cc1cc(-c2cc(-c3ccccc3)nc(-c3ccccc3)n2)c(-n2c3ccccc3c3ccccc32)cc1-n1c2ccccc2c2ccccc21,-5.6635055704565005,-2.160039745269,2.9477,2.6613,94.74759674072266
156373760,CC1(C)c2ccccc2-c2cccc(N(c3ccccc3-c3ccccc3)c3ccccc3-c3ccc4c(c3)-c3ccccc3C43c4ccccc4N(c4ccccc4)c4ccccc43)c21,-4.862674508435,-0.73470739635,3.6057,3.0099,96.14185333251952
146180858,CC(C)(C)c1cc(-n2c3ccccc3c3c2ccc2c4ccc5c(c6ccccc6n5-c5ccc(-n6c7ccc(C(C)(C)C)cc7c7cc(C(C)(C)C)ccc76)cc5C#N)c4n(-c4cc(C(C)(C)C)cc(C(C)(C)C)c4)c23)cc(C(C)(C)C)c1,-4.6904264410685,-1.6672415620135,2.5635,2.4826,96.28102111816406
122465488,c1ccc(-n2c3ccccc3c3ccc(-n4c5ccccc5c5c6ccccc6c6c(c7ccccc7n6-c6ccccc6)c54)cc32)cc1,-4.767706774610501,-0.9570244122085,3.3459,2.5353,94.15567779541016
118303762,CC1(C)c2ccccc2N(c2cccc(-n3cc(-c4ccc(-n5c6ccccc6c6ccccc65)cc4)nn3)c2)c2ccccc21,-5.0175072893695,-1.4680542234475,2.9667,2.9354,94.01956176757812
118216137,c1ccc(-c2cc(-c3ccccc3)nc(-n3c4ccccc4c4cc5c(cc43)N(c3ccccc3)c3ccccc3-c3ccccc3-5)n2)cc1,-4.882810933371999,-1.8370406047255001,2.6381,2.6361,94.2774429321289
121459476,Cc1ccc(C2(c3ccc(C)cc3)c3cccc(-c4nc(-c5ccccc5)cc(-c5ccccc5)n4)c3-n3c4ccccc4c4cccc2c43)cc1,-5.1345162450845,-1.6362205830565002,2.9622,2.9197,94.3088607788086
146613489,c1ccc(-c2cc(-c3ccc(-c4nc5ccccc5c5cc6c(cc45)N(c4ccccc4)c4ccccc4C64c5ccccc5-c5ccccc54)cc3)nc(-c3ccccc3)n2)cc1,-5.053698431486,-1.7929581609445002,2.8402,2.4701,95.21846771240234
137468335,N#Cc1cccc(-n2c3ccccc3c3c(-n4c5ccccc5c5cc(-n6c7ccccc7c7ccccc76)ccc54)cccc32)c1,-5.1426796605995,-1.84493190639,3.0604,3.0532,94.7278823852539
160451889,c1ccc(N2c3ccccc3B3c4ccccc4Oc4cc(-n5c6ccccc6c6c7c8ccccc8n(-c8ccccc8)c7ccc65)cc2c43)cc1,-4.8613139391825,-1.5094155287235,2.9598,2.7369,94.13685607910156
146542950,CC1(C)c2ccccc2N(c2cccc(-c3cncc(C#N)c3)c2)c2ccccc21,-5.0648550993565,-1.8944566271810002,2.7341,2.7199,94.32737731933594
121358350,CC1(C)c2ccccc2N(c2cccc(-c3ccccc3)c2)c2cccc(-c3ccc(N(c4ccc(-c5ccccc5)cc4)c4cccc5c4-c4ccccc4C54c5ccccc5-c5ccccc54)cc3)c21,-4.8232180001125,-0.9630109169194999,3.2555,2.8898,96.4704132080078
126734703,N#Cc1cc(-c2ccc(-c3cc(-c4ccccc4)nc(-c4ccccc4)n3)cc2)ccc1-n1c2ccc(N(c3ccccc3)c3ccccc3)cc2c2cc(N(c3ccccc3)c3ccccc3)ccc21,-4.6828072532544995,-2.087657461036,2.2828,2.2192,94.15933990478516
130352969,N#Cc1ccccc1-n1c2ccccc2c2c1ccc1c3ccccc3n(-c3ccccc3C#N)c12,-5.193020722942,-1.639213835412,2.9425,2.8699,97.89329528808594
121385244,c1ccc(-c2ccc(-c3ccc(-n4c5ccccc5c5ccc6c7ccccc7n(-c7cccc(-c8nc(-c9ccccc9)cc(-c9ccccc9)n8)c7)c6c54)cc3)cc2)cc1,-5.0316572095955,-1.7567670188280002,2.9173,2.88,94.00179290771484
148965119,N#Cc1ccc2c3ccccc3n(-c3ccc(C#N)c(-c4ccccc4-n4c5ccccc5c5cccc(-n6c7ccccc7c7ccccc76)c54)c3)c2c1,-5.37152740887,-1.821530115247,3.0022,2.9075,96.0646743774414
146280270,N#Cc1ccc2c(c1)c1cc(C#N)ccc1n2-c1cccc(-c2ccccc2-n2c3ccccc3c3ccccc32)c1C#N,-5.837930548627001,-2.1771829178504998,3.077,3.0275,96.2903289794922
118507813,CC1(C)c2ccccc2-c2ccc(-c3ccc4c(c3)c3c(-c5nc(-c6ccccc6)cc(-c6ccccc6)n5)cccc3n4-c3ccccc3)cc21,-5.0213168832765005,-1.7151335997015,2.852,2.762,94.22005462646484
153027584,N#Cc1ccc2c(c1)c1ccccc1n2-c1cccc(C#N)c1-c1cccc(-n2c3ccccc3c3cccc(-n4c5ccccc5c5ccccc54)c32)c1,-5.373432205823501,-1.9145930521180001,2.9341,2.9281,95.57286071777344
155079631,N#Cc1ccc(-c2cccc(-n3c4ccccc4c4c(C#N)cccc43)c2)cc1-c1ccccc1-n1c2ccccc2c2ccccc21,-5.5426870208345,-1.9186747598755,3.0636,2.8834,95.73544311523438
155179700,N#Cc1ccc(-n2c3ccccc3c3ccccc32)c(-c2ccccc2-n2c3ccccc3c3cc(C#N)ccc32)c1,-5.749493547214501,-1.8773134545994998,3.2682,2.9343,96.20173645019533
126492594,CC1(C)c2ccccc2N(c2cc(-n3c4ccccc4c4ccccc43)cc(C#N)c2C#N)c2ccccc21,-5.3206421188265,-2.4797735196065003,2.1857,2.1586,96.7736358642578
155206335,C1=C(c2nc(-c3ccccc3)nc(-c3ccccc3)n2)c2ccccc2-n2c3ccccc3c3cc4c(ccc5c6ccccc6n(-c6ccccc6)c45)c1c32,-4.840361172694,-2.034867374039,2.3232,1.6757,94.0902099609375
154958205,N#Cc1ccc2c(c1)c1ccccc1n2-c1ccc(-c2cccc(-n3c4ccccc4c4c(-n5c6ccccc6c6ccccc65)cccc43)c2C#N)cc1,-5.3271728512385,-2.090922827242,2.865,2.8487,97.38832092285156
155079853,N#Cc1ccc(-n2c3ccccc3c3ccccc32)c(-c2cc(-c3cccc(-n4c5ccccc5c5ccccc54)c3)ccc2C#N)c1,-5.539693768479,-2.1102429106275,3.0262,2.8996,95.74319458007812
126591884,CC1(C)c2ccccc2-c2cc3c4ccccc4n(-c4cc(-c5nc(-c6ccccc6)nc(-c6ccc(-c7ccccc7)cc6)n5)ccc4-c4ccc5ccccc5c4)c3cc21,-5.066215668609001,-2.0547316851254998,2.5771,2.5277,94.19156646728516
68306295,CC1(C)c2ccccc2-n2c3ccccc3c3cc(N(c4ccc(-c5ccccc5)cc4)c4ccc(-c5ccccc5)cc4)cc1c32,-4.7083859552015,-0.9494052243944999,3.2199,2.7297,95.7644271850586
144696845,c1ccc(-c2ncc(-c3cccc(-n4c5ccccc5c5c6c(c7ccccc7c7c6c6ccccc6n7-c6ccccc6)c6ccccc6c54)c3)c(-c3ccccc3)n2)cc1,-4.893695487392,-1.6960856301665002,2.8683,2.3764,94.13965606689452
155156244,c1ccc(-c2ccc(-c3nc(-c4ccc(-n5c6ccccc6c6ccccc65)cc4)nc(-c4cccc(-c5ccccc5)c4)n3)cc2)cc1,-5.4109839171925005,-1.9839820839955,3.0231,2.6848,94.35726928710938
156237201,c1ccc(-c2ccc(-n3c4ccccc4c4cc5c6ccccc6n(-c6cccc(-c7nc(-c8ccccc8)nc(-c8cccc(-c9ccccc9)c8)n7)c6)c5cc43)cc2)cc1,-4.962812405419,-1.966838911414,2.5634,2.4957,94.35317993164062
134597683,c1ccc(-c2nc(-c3ccccc3)nc(-c3ccc4c(c3)c3c(-c5ccc6c(c5)c5ccccc5n6-c5ccccc5)cccc3n4-c3ccccc3)n2)cc1,-5.227851295806,-1.598396757837,3.2119,2.8415,94.45559692382812
139303279,c1ccc(-c2cccc(-c3ccc(-c4nc(-c5ccccc5)nc(-c5cccc(-n6c7ccccc7c7cc(-c8ccccc8)ccc76)c5)n4)cc3-n3c4ccccc4c4ccccc43)c2)cc1,-5.2760154473445,-2.1412638895844998,2.7327,2.6266,94.02336883544922
132163658,c1ccc(-c2nc(-c3ccc4ccccc4c3)nc(-c3ccc(-n4c5ccccc5c5c4ccc4c6c7ccccc7ccc6n(-c6ccc7ccccc7c6)c45)c4ccccc34)n2)cc1,-4.884443616475,-2.02452704772,2.4444,2.3433,94.03582000732422
155305707,c1ccc(-c2cccc(-c3nc(-c4ccccc4)nc(-c4cccc(-n5c6ccccc6c6cccc(-c7ccc8c9ccccc9n(-c9ccccc9)c8c7)c65)c4)n3)c2)cc1,-5.2629539825205,-1.947246714178,2.8452,2.7693,94.4667510986328
155153309,c1ccc(-c2ccc3c4c5ccccc5ccc4n(-c4ccccc4-c4nc(-c5ccccc5)nc(-c5ccccc5)n4)c3c2)cc1,-5.122815349513,-1.847108817194,2.7497,2.5196,94.62628936767578
90130870,c1ccc(-c2cc(-c3ccccc3)nc(-c3cccc(-n4ccc5c4ccc4c6ccccc6n(-c6ccccc6)c45)c3)n2)cc1,-4.832197757178999,-1.7654746620439998,2.7538,2.7413,95.03517150878906
134597952,c1ccc(-c2nc(-c3ccccc3)nc(-c3cc4c5ccccc5n(-c5ccc6c(c5)c5ccccc5n6-c5ccccc5)c4c4c5ccccc5n(-c5ccccc5)c34)n2)cc1,-5.013153467761501,-1.602750579445,2.9046,2.709,94.1479721069336
139500486,c1ccc(-c2nc(-c3ccccc3)nc(-c3cc(-c4cc5ccccc5c5ccccc45)cc(-n4c5ccccc5c5ccccc54)c3)n2)cc1,-5.354112122438,-1.9725533022745,2.8927,2.6754,94.2654800415039
155305439,c1ccc(-c2ccc(-c3nc(-c4ccccc4)nc(-c4cccc(-n5c6ccccc6c6cc(-c7cccc8c9ccccc9n(-c9ccccc9)c78)ccc65)c4)n3)cc2)cc1,-5.132611448131001,-2.0247991615705003,2.7554,2.6547,94.28728485107422
